A,a
Abutment ,abutment 
Acquittal,acquittal
Adopt,adopt
After,after
Alienation,alienation
Amass,amass
Ancestor,ancestor
Anterior,anterior
Appertain,appertain
Arctic,arctic
Ascertain,ascertain
Aster,aster
Auction,auction
Awesome,awesome
B,b
Barrack,barrack
Begone,begone
Betrothal,betrothal
Blackberry,blackberry
Boatswain,boatswain
Brag,brag
Brooch,brooch
Butcher,butcher
C,c
Camphorate,camphorate
Capsize,capsize
Cartographic,cartographic
Cavern,cavern
Chainlet,chainlet
Cheap,cheap
Chlorous,chlorous
Circumfuse,circumfuse
Cleaner,cleaner
Coaxingly,coaxingly
Collectiveness,collectiveness
Commence,commence
Competitive,competitive
Conception,conception
Confessional,confessional
Conscious,conscious
Consummate,consummate
Controller,controller
Coquet,coquet
Cotton,cotton
Crackle,crackle
Critic,critic
Cumulate,cumulate
D,d
Debilitate,debilitate
Default,default
Demagogue,demagogue
Depravity,depravity
Detach,detach
Differentiate,differentiate
Disarm,disarm
Disjoin,disjoin
Distributive,distributive
Dormitory,dormitory
Dry,dry
E,e
Effeminacy,effeminacy
Elemental,elemental
Eminence,eminence
Enlist,enlist
Equable,equable
Ethereality,ethereality
Exchequer,exchequer
ExperiÂ­mental,experiâ­mental
F,f
Faro,faro
Felt,felt
Filmy,filmy
Flew,flew
Fop,fop
Forth,forth
Fright,fright
Fury,fury
G,g
Generate,generate
Glacier,glacier
Gorgeous,gorgeous
Greediness,greediness
Gumption,gumption
H,h
Harsh,harsh
Helm,helm
Hinder,hinder
Hop,hop
Hunch,hunch
I,i
Immaculate,immaculate
Impinge,impinge
Inapplicable,inapplicable
Incorrigible,incorrigible
Indorsement,indorsement
Inflect,inflect
Inordinate,inordinate
Insult,insult
Intersect,intersect
Invidious,invidious
J,j
Jonquil,jonquil
K,k
L,l
Lath,lath
Legerdemain,legerdemain
Lifetime,lifetime
Liturgy,liturgy
Luck,luck
M,m
Mammoth,mammoth
Martyrdom,martyrdom
Measure,measure
Mention,mention
Mightily,mightily
Misdemeanor,misdemeanor
Momentous,momentous
Motley,motley
Mutation,mutation
N,n
Neediness,neediness
Nitrous,nitrous
Nourish,nourish
O,o
Occur,occur
Operator,operator
Origination,origination
Overhaul,overhaul
P,p
Pantomimist,pantomimist
Partisan,partisan
Pear,pear
Perceptible,perceptible
Personage,personage
Phlegmatic,phlegmatic
Pitiable,pitiable
Plumber,plumber
Popular,popular
Potter,potter
Preempt,preempt
Prevail,prevail
Profession,profession
Propitious,propitious
Pry,pry
Puzzle,puzzle
Q,q
Quoit,quoit
R,r
Rareness,rareness
Recapitulation,recapitulation
Recur,recur
Regrettable,regrettable
Remorseless,remorseless
Republican,republican
Resume,resume
Rhetorical,rhetorical
Room,room
S,s
Sanitary,sanitary
Schooner,schooner
Secondarily,secondarily
SensationÂ­alist,sensationâ­alist
Sham,sham
shoulder,shoulder
Sincerely,sincerely
Slender,slender
Snicker,snicker
Solvency,solvency
Spark,spark
Spoke,spoke
Staid,staid
Stereotype,stereotype
Strap,strap
Subaltern,subaltern
Sufferance,sufferance
Suppliance,suppliance
Swindle,swindle
T,t
Taskmaster,taskmaster
Tendon,tendon
Theory,theory
Thrown,thrown
Tolerate,tolerate
Tractableness,tractableness
Transverse,transverse
Trillion,trillion
Trustee,trustee
Twirl,twirl
U,u
UncompanÂ­ionable,uncompanâ­ionable
Unearned,unearned
Unless,unless
Upheave,upheave
Vernacular,vernacular
Vaudeville,vaudeville
Vernacular,vernacular
Vindictive,vindictive
Vivify,vivify
Vulgarity,vulgarity
W,w
Water,water
Whereabout,whereabout
Will,will
Woodman,woodman
X,x
Y,y
Z,z
